iter, err
1.000000000000000000e+00,1.000000000000000000e+00,1.000000000000000000e+00,5.385864222019455383e+01,5.384888173979697257e+01,5.384828689316756112e+01
2.000000000000000000e+00,2.000000000000000000e+00,2.000000000000000000e+00,4.417377199908467844e+01,4.406940290764415380e+01,4.406301299085543377e+01
3.000000000000000000e+00,3.000000000000000000e+00,3.000000000000000000e+00,3.613277165958231762e+01,3.596044069048620884e+01,3.595009191006788996e+01
4.000000000000000000e+00,4.000000000000000000e+00,4.000000000000000000e+00,2.950552003241311638e+01,2.926117502798247827e+01,2.924637130917140126e+01
5.000000000000000000e+00,5.000000000000000000e+00,5.000000000000000000e+00,2.399361633833484575e+01,2.373731087198012801e+01,2.372202047514682732e+01
6.000000000000000000e+00,6.000000000000000000e+00,6.000000000000000000e+00,1.953572265444505263e+01,1.927625537907164599e+01,1.926123852566935213e+01
7.000000000000000000e+00,7.000000000000000000e+00,7.000000000000000000e+00,1.592100455324590413e+01,1.568726417038664067e+01,1.567344192148501136e+01
8.000000000000000000e+00,8.000000000000000000e+00,8.000000000000000000e+00,1.300860700764090261e+01,1.278404392642029741e+01,1.277095494896473404e+01
9.000000000000000000e+00,9.000000000000000000e+00,9.000000000000000000e+00,1.063587500035371036e+01,1.041919835440824293e+01,1.040490297122274477e+01
1.000000000000000000e+01,1.000000000000000000e+01,1.000000000000000000e+01,8.700924026946021073e+00,8.435065093430752725e+00,8.418813504301022377e+00
1.100000000000000000e+01,1.100000000000000000e+01,1.100000000000000000e+01,7.073520653750867915e+00,6.822833340427173709e+00,6.808692102087364084e+00
1.200000000000000000e+01,1.200000000000000000e+01,1.200000000000000000e+01,5.739305067151250661e+00,5.527667110531719885e+00,5.516024442074285439e+00
1.300000000000000000e+01,1.300000000000000000e+01,1.300000000000000000e+01,4.660926418800323212e+00,4.487988861018525455e+00,4.479348699452285310e+00
1.400000000000000000e+01,1.400000000000000000e+01,1.400000000000000000e+01,3.792833147757455059e+00,3.658086040583180321e+00,3.650922335409375830e+00
1.500000000000000000e+01,1.500000000000000000e+01,1.500000000000000000e+01,3.092742185646202735e+00,2.988551152207518324e+00,2.983263135643417829e+00
1.600000000000000000e+01,1.600000000000000000e+01,1.600000000000000000e+01,2.527145707898929228e+00,2.451038533422110088e+00,2.447317792452274876e+00
1.700000000000000000e+01,1.700000000000000000e+01,1.700000000000000000e+01,2.069363539199914115e+00,2.018480264371696364e+00,2.015948656281934426e+00
1.800000000000000000e+01,1.800000000000000000e+01,1.800000000000000000e+01,1.701445138587627026e+00,1.670278337165533644e+00,1.669183494344095298e+00
1.900000000000000000e+01,1.900000000000000000e+01,1.900000000000000000e+01,1.403697368471018780e+00,1.389361807765498336e+00,1.389076825986817143e+00
2.000000000000000000e+01,2.000000000000000000e+01,2.000000000000000000e+01,1.162568940104911075e+00,1.161698602189141782e+00,1.162069385607117367e+00
2.100000000000000000e+01,2.100000000000000000e+01,2.100000000000000000e+01,9.667851321267901810e-01,9.766034141712103267e-01,9.774461399942722117e-01
2.200000000000000000e+01,2.200000000000000000e+01,2.200000000000000000e+01,8.073887568865227848e-01,8.255683684773004183e-01,8.267688218105233577e-01
2.300000000000000000e+01,2.300000000000000000e+01,2.300000000000000000e+01,6.772447632365908854e-01,7.018518921693234214e-01,7.033144847541668021e-01
2.400000000000000000e+01,2.400000000000000000e+01,2.400000000000000000e+01,5.706573274297572773e-01,6.000777431483159674e-01,6.008769623416463368e-01
2.500000000000000000e+01,2.500000000000000000e+01,2.500000000000000000e+01,4.830716797796841266e-01,5.135828865985145875e-01,5.126316343352199656e-01
2.600000000000000000e+01,2.600000000000000000e+01,2.600000000000000000e+01,4.108404824252174792e-01,4.398273581561215617e-01,4.390380848257474100e-01
2.700000000000000000e+01,2.700000000000000000e+01,2.700000000000000000e+01,3.511903988260663967e-01,3.780506437415894760e-01,3.773986954694464879e-01
2.800000000000000000e+01,2.800000000000000000e+01,2.800000000000000000e+01,3.022041644482232892e-01,3.260825514851301565e-01,3.255460510888125714e-01
2.900000000000000000e+01,2.900000000000000000e+01,2.900000000000000000e+01,2.613472326414675306e-01,2.821759555087791083e-01,2.817358390499820064e-01
3.000000000000000000e+01,3.000000000000000000e+01,3.000000000000000000e+01,2.270998369791605853e-01,2.449215148259862029e-01,2.445614069179307404e-01
3.100000000000000000e+01,3.100000000000000000e+01,3.100000000000000000e+01,1.982421315669192496e-01,2.131796313200363391e-01,2.128856281174706100e-01
3.200000000000000000e+01,3.200000000000000000e+01,3.200000000000000000e+01,1.737944918174812725e-01,1.860262037720183670e-01,1.857866109082449979e-01
3.300000000000000000e+01,3.300000000000000000e+01,3.300000000000000000e+01,1.529695895659198279e-01,1.627094218065970876e-01,1.625144788158829900e-01
3.400000000000000000e+01,3.400000000000000000e+01,3.400000000000000000e+01,1.351338944625621874e-01,1.426153863365063335e-01,1.424569977192574888e-01
3.500000000000000000e+01,3.500000000000000000e+01,3.500000000000000000e+01,1.197767616780533589e-01,1.252407759392010766e-01,1.251122608834906724e-01
3.600000000000000000e+01,3.600000000000000000e+01,3.600000000000000000e+01,1.064856459675423000e-01,1.101711266929512462e-01,1.100669937574736135e-01
3.700000000000000000e+01,3.700000000000000000e+01,3.700000000000000000e+01,9.492626955795388510e-02,9.706357459316754255e-02,9.697932377967219408e-02
3.800000000000000000e+01,3.800000000000000000e+01,3.800000000000000000e+01,8.482679288982110377e-02,8.563313816541115453e-02,8.556509029284872780e-02
3.900000000000000000e+01,3.900000000000000000e+01,3.900000000000000000e+01,7.596521215792419179e-02,7.564180434844529344e-02,7.558695611603814812e-02
4.000000000000000000e+01,4.000000000000000000e+01,4.000000000000000000e+01,6.815934892052810667e-02,6.688983093637930477e-02,6.684573323805152734e-02
4.100000000000000000e+01,4.100000000000000000e+01,4.100000000000000000e+01,6.125891329988868150e-02,5.920880008903591646e-02,5.917345679389722501e-02
4.200000000000000000e+01,4.200000000000000000e+01,4.200000000000000000e+01,5.513921890515441349e-02,5.245605478399108235e-02,5.242783915775397346e-02
4.300000000000000000e+01,4.300000000000000000e+01,4.300000000000000000e+01,4.969620811319489656e-02,4.651022788846931322e-02,4.648781397784624431e-02
4.400000000000000000e+01,4.400000000000000000e+01,4.400000000000000000e+01,4.484251321674032065e-02,4.126763538938651998e-02,4.124994193971213280e-02
4.500000000000000000e+01,4.500000000000000000e+01,4.500000000000000000e+01,4.050433412703591252e-02,3.663935427242092507e-02,3.662549904017810276e-02
4.600000000000000000e+01,4.600000000000000000e+01,4.600000000000000000e+01,3.661895844824567675e-02,3.254884411759841750e-02,3.253810673787158048e-02
4.700000000000000000e+01,4.700000000000000000e+01,4.700000000000000000e+01,3.313278631268017776e-02,2.893000177405428280e-02,2.892179362683940796e-02
4.800000000000000000e+01,4.800000000000000000e+01,4.800000000000000000e+01,2.999975173686706548e-02,2.572556220444978392e-02,2.571940198020086429e-02
4.900000000000000000e+01,4.900000000000000000e+01,4.900000000000000000e+01,2.718005565379040187e-02,2.288577713639113054e-02,2.288127102713766528e-02
5.000000000000000000e+01,5.000000000000000000e+01,5.000000000000000000e+01,2.463914427908178717e-02,2.036731764071251019e-02,2.036414327606974467e-02
5.100000000000000000e+01,5.100000000000000000e+01,5.100000000000000000e+01,2.234688101519259618e-02,1.813235805917516943e-02,1.813025147001328177e-02
5.200000000000000000e+01,5.200000000000000000e+01,5.200000000000000000e+01,2.027687147854970520e-02,1.614780752953848958e-02,1.614655255702967043e-02
5.300000000000000000e+01,5.300000000000000000e+01,5.300000000000000000e+01,1.840591010618168946e-02,1.438466225348011135e-02,1.438408193328803188e-02
5.400000000000000000e+01,5.400000000000000000e+01,5.400000000000000000e+01,1.671352369695153911e-02,1.281745705329541407e-02,1.281740659541059403e-02
5.500000000000000000e+01,5.500000000000000000e+01,5.500000000000000000e+01,1.518159259696466069e-02,1.142379900047934237e-02,1.147830084121501115e-02
5.600000000000000000e+01,5.600000000000000000e+01,5.600000000000000000e+01,1.379403439303839018e-02,1.018396923457777492e-02,1.037539102682625072e-02
5.700000000000000000e+01,5.700000000000000000e+01,5.700000000000000000e+01,1.253653820063524438e-02,9.080581723233520711e-03,9.383184684127741579e-03
5.800000000000000000e+01,5.800000000000000000e+01,5.800000000000000000e+01,1.139634013578849983e-02,8.098289801544164210e-03,8.489539537382915016e-03
5.900000000000000000e+01,5.900000000000000000e+01,5.900000000000000000e+01,1.036203250621845449e-02,7.223532989529596673e-03,7.683883283121439346e-03
6.000000000000000000e+01,6.000000000000000000e+01,6.000000000000000000e+01,9.423400774466551832e-03,6.444317914458385504e-03,6.956954284205616942e-03
6.100000000000000000e+01,6.100000000000000000e+01,6.100000000000000000e+01,8.571283531170266479e-03,5.750028231104090636e-03,6.300597972296896436e-03
6.200000000000000000e+01,6.200000000000000000e+01,6.200000000000000000e+01,7.797451646187670594e-03,5.131259294492605642e-03,5.707604233778090438e-03
6.300000000000000000e+01,6.300000000000000000e+01,6.300000000000000000e+01,7.094503496891664367e-03,4.579674037502157354e-03,5.171575536116843064e-03
6.400000000000000000e+01,6.400000000000000000e+01,6.400000000000000000e+01,6.455773750671420577e-03,4.087877075936004190e-03,4.686818524623768620e-03
6.500000000000000000e+01,6.500000000000000000e+01,6.500000000000000000e+01,5.875253637579278855e-03,3.649304530401825675e-03,4.248253834710565870e-03
6.600000000000000000e+01,6.600000000000000000e+01,6.600000000000000000e+01,5.347521014469755300e-03,3.258127438852325992e-03,3.851340258046436187e-03
6.700000000000000000e+01,6.700000000000000000e+01,6.700000000000000000e+01,4.867678814812737530e-03,2.909166952732430630e-03,3.492010379163973041e-03
6.800000000000000000e+01,6.800000000000000000e+01,6.800000000000000000e+01,4.431300714578959368e-03,2.597819773976257993e-03,3.166615498151780471e-03
6.900000000000000000e+01,6.900000000000000000e+01,6.900000000000000000e+01,4.034383035016596286e-03,2.319992512417839818e-03,2.871878161013599173e-03
7.000000000000000000e+01,7.000000000000000000e+01,7.000000000000000000e+01,3.673302058845947030e-03,2.072043828570107465e-03,2.604850990955873483e-03
7.100000000000000000e+01,7.100000000000000000e+01,7.100000000000000000e+01,3.344776063172500476e-03,1.850733384304803931e-03,2.362880789937513333e-03
7.200000000000000000e+01,7.200000000000000000e+01,7.200000000000000000e+01,3.045831477229565040e-03,1.653176756248925369e-03,2.143577087722922051e-03
7.300000000000000000e+01,7.300000000000000000e+01,7.300000000000000000e+01,2.773772659090968304e-03,1.476805579924383126e-03,1.944784474616426421e-03
7.400000000000000000e+01,7.400000000000000000e+01,7.400000000000000000e+01,2.526154857625125937e-03,1.319332289166292574e-03,1.764558175617475695e-03
7.500000000000000000e+01,7.500000000000000000e+01,7.500000000000000000e+01,2.300759985923667671e-03,1.178718897470259173e-03,1.601142419433323853e-03
7.600000000000000000e+01,7.600000000000000000e+01,7.600000000000000000e+01,2.095574882528425994e-03,1.053149339004789921e-03,1.452951230959550815e-03
7.700000000000000000e+01,7.700000000000000000e+01,7.700000000000000000e+01,1.908771779765415511e-03,9.410049477841245713e-04,1.318551335095950175e-03
7.800000000000000000e+01,7.800000000000000000e+01,7.800000000000000000e+01,1.738690734152274330e-03,8.408427065015407122e-04,1.196646908812551034e-03
7.900000000000000000e+01,7.900000000000000000e+01,7.900000000000000000e+01,1.583823804852966003e-03,7.513759415296260551e-04,1.086065956745409667e-03
8.000000000000000000e+01,8.000000000000000000e+01,8.000000000000000000e+01,1.442800792000176538e-03,6.714571806599568078e-04,9.857481181443370280e-04
8.100000000000000000e+01,8.100000000000000000e+01,8.100000000000000000e+01,1.314376369915630158e-03,6.000629243377654564e-04,8.947337395086369305e-04
8.200000000000000000e+01,8.200000000000000000e+01,8.200000000000000000e+01,1.197418469090605992e-03,5.362801108580259740e-04,8.121540692858983520e-04
8.300000000000000000e+01,8.300000000000000000e+01,8.300000000000000000e+01,1.090897777936960904e-03,4.792940826475135165e-04,7.372224497411252516e-04
8.400000000000000000e+01,8.400000000000000000e+01,8.400000000000000000e+01,9.938782500913414218e-04,4.283778829475540684e-04,6.692263968017280644e-04
8.500000000000000000e+01,8.500000000000000000e+01,8.500000000000000000e+01,9.055085153369476668e-04,3.828827327587403201e-04,6.075204721839084663e-04
8.600000000000000000e+01,8.600000000000000000e+01,8.600000000000000000e+01,8.250141040179931112e-04,3.422295552852251286e-04,5.515198633901044088e-04
8.700000000000000000e+01,8.700000000000000000e+01,8.700000000000000000e+01,7.516904040615389557e-04,3.059014302353846694e-04,5.006945973235055322e-04
8.800000000000000000e+01,8.800000000000000000e+01,8.800000000000000000e+01,6.848962785510335268e-04,2.734368743493761607e-04,4.545643216623839779e-04
8.900000000000000000e+01,8.900000000000000000e+01,8.900000000000000000e+01,6.240482793771375122e-04,2.444238559844293481e-04,4.126935955731743291e-04
9.000000000000000000e+01,9.000000000000000000e+01,9.000000000000000000e+01,5.686153993236771689e-04,2.184944624633372774e-04,3.746876378830902741e-04
9.100000000000000000e+01,9.100000000000000000e+01,9.100000000000000000e+01,5.181143105588159343e-04,1.953201478126537932e-04,3.401884864183929804e-04
9.200000000000000000e+01,9.200000000000000000e+01,9.200000000000000000e+01,4.721050430182637632e-04,1.746074968826723131e-04,3.088715274352627871e-04
9.300000000000000000e+01,9.300000000000000000e+01,9.300000000000000000e+01,4.301870609795429819e-04,1.560944490672895254e-04,2.804423580581964239e-04
9.400000000000000000e+01,9.400000000000000000e+01,9.400000000000000000e+01,3.919956999959875693e-04,1.395469310986419489e-04,2.546339489876419814e-04
9.500000000000000000e+01,9.500000000000000000e+01,9.500000000000000000e+01,3.571989301070539074e-04,1.247558540389099527e-04,2.312040777138405076e-04
9.600000000000000000e+01,9.600000000000000000e+01,9.600000000000000000e+01,3.254944151481805464e-04,1.115344347494207013e-04,2.099330059383318142e-04
9.700000000000000000e+01,9.700000000000000000e+01,9.700000000000000000e+01,2.966068399638230367e-04,9.971580644965315383e-05,1.906213773086066435e-04
9.800000000000000000e+01,9.800000000000000000e+01,9.800000000000000000e+01,2.702854810214022261e-04,8.915088662500184969e-05,1.730883141559426679e-04
9.900000000000000000e+01,9.900000000000000000e+01,9.900000000000000000e+01,2.463019976564994988e-04,7.970647470050942263e-05,1.571696938865162240e-04
1.000000000000000000e+02,1.000000000000000000e+02,1.000000000000000000e+02,2.244484235679330367e-04,7.126355411233025079e-05,1.427165879470060296e-04
1.010000000000000000e+02,1.010000000000000000e+02,1.010000000000000000e+02,2.045353401291402043e-04,6.371577700197927322e-05,1.295938476040039424e-04
1.020000000000000000e+02,1.020000000000000000e+02,1.020000000000000000e+02,1.863902149147859553e-04,5.696811146626725412e-05,1.176788224736178515e-04
1.030000000000000000e+02,1.030000000000000000e+02,1.030000000000000000e+02,1.698558900429163274e-04,5.093563388590614636e-05,1.068601993805074553e-04
1.040000000000000000e+02,1.040000000000000000e+02,1.040000000000000000e+02,1.547892069413758581e-04,4.554245082959576063e-05,9.703694973369886821e-05
1.050000000000000000e+02,1.050000000000000000e+02,1.050000000000000000e+02,1.410597547897193523e-04,4.072073623443318320e-05,8.811737556750825551e-05
1.060000000000000000e+02,1.060000000000000000e+02,1.060000000000000000e+02,1.285487317238733634e-04,3.640987181005252469e-05,8.001824442861784075e-05
1.070000000000000000e+02,1.070000000000000000e+02,1.070000000000000000e+02,1.171479081373891088e-04,3.255567919602821148e-05,7.266400518307385354e-05
1.080000000000000000e+02,1.080000000000000000e+02,1.080000000000000000e+02,1.067586831889474007e-04,2.910973430843094039e-05,6.598607675992936039e-05
1.090000000000000000e+02,1.090000000000000000e+02,1.090000000000000000e+02,9.729122592852953403e-05,2.602875494280657099e-05,5.992220315474619253e-05
1.100000000000000000e+02,1.100000000000000000e+02,1.100000000000000000e+02,8.866369323123087073e-05,2.327405362412624854e-05,5.441586843620430992e-05
1.110000000000000000e+02,1.110000000000000000e+02,1.110000000000000000e+02,8.080151798996255594e-05,2.081104893580299872e-05,4.941576608556464838e-05
1.120000000000000000e+02,1.120000000000000000e+02,1.120000000000000000e+02,7.363676080745952394e-05,1.860882901772936159e-05,4.487531763437907164e-05
1.130000000000000000e+02,1.130000000000000000e+02,1.130000000000000000e+02,6.710751976340087758e-05,1.663976143279390299e-05,4.075223592966669144e-05
1.140000000000000000e+02,1.140000000000000000e+02,1.140000000000000000e+02,6.115739283504247395e-05,1.487914472443706096e-05,3.700812890869684981e-05
1.150000000000000000e+02,1.150000000000000000e+02,1.150000000000000000e+02,5.573498846868824740e-05,1.330489712197428474e-05,3.360814017110282077e-05
1.160000000000000000e+02,1.160000000000000000e+02,1.160000000000000000e+02,5.079347968046635426e-05,1.189727817420091984e-05,3.052062263043305723e-05
1.170000000000000000e+02,1.170000000000000000e+02,1.170000000000000000e+02,4.629019810672587413e-05,1.063864033565109938e-05,2.771684261480407578e-05
1.180000000000000000e+02,1.180000000000000000e+02,1.180000000000000000e+02,4.218626407798395291e-05,9.513206605306585227e-06,2.517071115016722489e-05
1.190000000000000000e+02,1.190000000000000000e+02,1.190000000000000000e+02,3.844624985390322335e-05,8.506872179008625982e-06,2.285854020756399480e-05
1.200000000000000000e+02,1.200000000000000000e+02,1.200000000000000000e+02,3.503787267799893251e-05,7.607026902085906653e-06,2.075882135994159853e-05
1.210000000000000000e+02,1.210000000000000000e+02,1.210000000000000000e+02,3.193171539003944009e-05,6.802396746464199605e-06,1.885202506065568391e-05
1.220000000000000000e+02,1.220000000000000000e+02,1.220000000000000000e+02,2.910097166064314262e-05,6.082902126310995039e-06,1.712041826044960951e-05
1.230000000000000000e+02,1.230000000000000000e+02,1.230000000000000000e+02,2.652121417773024102e-05,5.439531158139313967e-06,1.554789900520499503e-05
1.240000000000000000e+02,1.240000000000000000e+02,1.240000000000000000e+02,2.417018321114515565e-05,4.864226500536610556e-06,1.411984622613100601e-05
1.250000000000000000e+02,1.250000000000000000e+02,1.250000000000000000e+02,2.202759417834613713e-05,4.349784144941895053e-06,1.282298340972184332e-05
1.260000000000000000e+02,1.260000000000000000e+02,1.260000000000000000e+02,2.007496218817099787e-05,3.889762992650682258e-06,1.164525479971412517e-05
1.270000000000000000e+02,1.270000000000000000e+02,1.270000000000000000e+02,1.829544233528624137e-05,3.478403933886216048e-06,1.057571311855623867e-05
1.280000000000000000e+02,1.280000000000000000e+02,1.280000000000000000e+02,1.667368397538919567e-05,3.110557661528705221e-06,9.604417494275561880e-06
1.290000000000000000e+02,1.290000000000000000e+02,1.290000000000000000e+02,1.519569820979168761e-05,2.781619995409413776e-06,8.722340903019293025e-06
1.300000000000000000e+02,1.300000000000000000e+02,1.300000000000000000e+02,1.384873696725730915e-05,2.487474160317449077e-06,7.921286090459095264e-06
1.310000000000000000e+02,1.310000000000000000e+02,1.310000000000000000e+02,1.262118282701088864e-05,2.224439135533879379e-06,7.193809244920672851e-06
1.320000000000000000e+02,1.320000000000000000e+02,1.320000000000000000e+02,1.150244877255842730e-05,1.989223568510753979e-06,6.533150697945896687e-06
1.330000000000000000e+02,1.330000000000000000e+02,1.330000000000000000e+02,1.048288672194115064e-05,1.778884379922119885e-06,5.933172013187904326e-06
1.340000000000000000e+02,1.340000000000000000e+02,1.340000000000000000e+02,9.553704167260649064e-06,1.590790010409648059e-06,5.388298861268724312e-06
1.350000000000000000e+02,1.350000000000000000e+02,1.350000000000000000e+02,8.706888382593332194e-06,1.422587354028990145e-06,4.893469151572804589e-06
1.360000000000000000e+02,1.360000000000000000e+02,1.360000000000000000e+02,7.935137134408063074e-06,1.272172329847442455e-06,4.444085943515380459e-06
1.370000000000000000e+02,1.370000000000000000e+02,1.370000000000000000e+02,7.231795708853563618e-06,1.137663459277660403e-06,4.035974660246024073e-06
1.380000000000000000e+02,1.380000000000000000e+02,1.380000000000000000e+02,6.590799475745501190e-06,1.017378348107419883e-06,3.665344305829761068e-06
1.390000000000000000e+02,1.390000000000000000e+02,1.390000000000000000e+02,6.006621523820401015e-06,9.098126295496745399e-07,3.328752164424499787e-06
1.400000000000000000e+02,1.400000000000000000e+02,1.400000000000000000e+02,5.474224986801202364e-06,8.136210204321000375e-07,3.023071821462941270e-06
1.410000000000000000e+02,1.410000000000000000e+02,1.410000000000000000e+02,4.989019590708482204e-06,7.276006441469326188e-07,2.745464094049325054e-06
1.420000000000000000e+02,1.420000000000000000e+02,1.420000000000000000e+02,4.546822022376255294e-06,6.506758167628537709e-07,2.493350588876858709e-06
1.430000000000000000e+02,1.430000000000000000e+02,1.430000000000000000e+02,4.143819857166742209e-06,5.818846258992498965e-07,2.264389804589940812e-06
1.440000000000000000e+02,1.440000000000000000e+02,1.440000000000000000e+02,3.776538671887578254e-06,5.203669531687427325e-07,2.056455337759344925e-06
1.450000000000000000e+02,1.450000000000000000e+02,1.450000000000000000e+02,3.441812042175359195e-06,4.653536328687284928e-07,1.867616051438961496e-06
1.460000000000000000e+02,1.460000000000000000e+02,1.460000000000000000e+02,3.136754266979253616e-06,4.161568605727968527e-07,1.696118257608029049e-06
1.470000000000000000e+02,1.470000000000000000e+02,1.470000000000000000e+02,2.858735490522020092e-06,3.721615774376578161e-07,1.540369326929690458e-06
1.480000000000000000e+02,1.480000000000000000e+02,1.480000000000000000e+02,2.605358953578385587e-06,3.328177573372476517e-07,1.398922909328890453e-06
1.490000000000000000e+02,1.490000000000000000e+02,1.490000000000000000e+02,2.374440374978699354e-06,2.976335824831702737e-07,1.270465506452306247e-06
1.500000000000000000e+02,1.500000000000000000e+02,1.500000000000000000e+02,2.163989122145857467e-06,2.661692027976748791e-07,1.153804272690571887e-06
1.510000000000000000e+02,1.510000000000000000e+02,1.510000000000000000e+02,1.972191012200667133e-06,2.380313239099000795e-07,1.047855891187329738e-06
1.520000000000000000e+02,1.520000000000000000e+02,1.520000000000000000e+02,1.797392668094674798e-06,2.128682092832665725e-07,9.516365591388970733e-07
1.530000000000000000e+02,1.530000000000000000e+02,1.530000000000000000e+02,1.638087289462585430e-06,1.903653531898281379e-07,8.642528362486943167e-07
1.540000000000000000e+02,1.540000000000000000e+02,1.540000000000000000e+02,1.492901631546993570e-06,1.702414706379526645e-07,7.848933269340809655e-07
1.550000000000000000e+02,1.550000000000000000e+02,1.550000000000000000e+02,1.360584174400980234e-06,1.522450541845624260e-07,7.128211545603020809e-07
1.560000000000000000e+02,1.560000000000000000e+02,1.560000000000000000e+02,1.239994346680982319e-06,1.361511485110070562e-07,6.473671129928431693e-07
1.570000000000000000e+02,1.570000000000000000e+02,1.570000000000000000e+02,1.130092678001332492e-06,1.217586304026425706e-07,5.879234637891112479e-07
1.580000000000000000e+02,1.580000000000000000e+02,1.580000000000000000e+02,1.029931815035912057e-06,1.088876160463504357e-07,5.339382609057611990e-07
1.590000000000000000e+02,1.590000000000000000e+02,1.590000000000000000e+02,9.386484120900174348e-07,9.737725709832987597e-08,4.849102803714516106e-07
1.600000000000000000e+02,1.600000000000000000e+02,1.600000000000000000e+02,8.554555865061797302e-07,8.708369737194844620e-08,4.403843029673914238e-07
1.610000000000000000e+02,1.610000000000000000e+02,1.610000000000000000e+02,7.796362607707925150e-07,7.787828567841473948e-08,3.999468998453190874e-07
1.620000000000000000e+02,1.620000000000000000e+02,1.620000000000000000e+02,7.105369077225605675e-07,6.964600146422568844e-08,3.632226540086758259e-07
1.630000000000000000e+02,1.630000000000000000e+02,1.630000000000000000e+02,6.475619245382229468e-07,6.228396279388483087e-08,3.298705735371293626e-07
1.640000000000000000e+02,1.640000000000000000e+02,1.640000000000000000e+02,5.901684548474615461e-07,5.570016863788859763e-08,2.995810349153627033e-07
1.650000000000000000e+02,1.650000000000000000e+02,1.650000000000000000e+02,5.378618244331628811e-07,4.981234119371841610e-08,2.720727777793777148e-07
1.660000000000000000e+02,1.660000000000000000e+02,1.660000000000000000e+02,4.901911693046115000e-07,4.454690941655450063e-08,2.470904400309500866e-07
1.670000000000000000e+02,1.670000000000000000e+02,1.670000000000000000e+02,4.467455935601696240e-07,3.983808317889117381e-08,2.244020557190113430e-07
1.680000000000000000e+02,1.680000000000000000e+02,1.680000000000000000e+02,4.071506160667299445e-07,3.562701437126531712e-08,2.037969967539253325e-07
1.690000000000000000e+02,1.690000000000000000e+02,1.690000000000000000e+02,3.710649680305580478e-07,3.186109450312025951e-08,1.850839582201002918e-07
1.700000000000000000e+02,1.700000000000000000e+02,1.700000000000000000e+02,3.381775920251592887e-07,2.849325474266627964e-08,1.680891954600066628e-07
1.710000000000000000e+02,1.710000000000000000e+02,1.710000000000000000e+02,3.082050325102911970e-07,2.548141329208355006e-08,1.526549490813022851e-07
1.720000000000000000e+02,1.720000000000000000e+02,1.720000000000000000e+02,2.808889499517422289e-07,2.278794503434827224e-08,1.386379128894126514e-07
1.730000000000000000e+02,1.730000000000000000e+02,1.730000000000000000e+02,2.559938914542780476e-07,2.037919446737083256e-08,1.259079497439487913e-07
1.740000000000000000e+02,1.740000000000000000e+02,1.740000000000000000e+02,2.333052847253936773e-07,1.822506627867317519e-08,1.143468921736993691e-07
1.750000000000000000e+02,1.750000000000000000e+02,1.750000000000000000e+02,2.126275496124651406e-07,1.629862411012041932e-08,1.038473892249698845e-07
1.760000000000000000e+02,1.760000000000000000e+02,1.760000000000000000e+02,1.937824925096239561e-07,1.457582230435577649e-08,9.431197560276547313e-08
1.770000000000000000e+02,1.770000000000000000e+02,1.770000000000000000e+02,1.766076604642282385e-07,1.303513910151252813e-08,8.565212160442923189e-08
1.780000000000000000e+02,1.780000000000000000e+02,1.780000000000000000e+02,1.609550360402783746e-07,1.165730177635274099e-08,7.778742782106108484e-08
1.790000000000000000e+02,1.790000000000000000e+02,1.790000000000000000e+02,1.466897018095842700e-07,1.042510676975451976e-08,7.064489296671463987e-08
1.800000000000000000e+02,1.800000000000000000e+02,1.800000000000000000e+02,1.336886934017065647e-07,9.323155511495507751e-09,6.415819220911089440e-08
1.810000000000000000e+02,1.810000000000000000e+02,1.810000000000000000e+02,1.218399584064180194e-07,8.337695557686252923e-09,5.826711240247913738e-08
1.820000000000000000e+02,1.820000000000000000e+02,1.820000000000000000e+02,1.110413769059388036e-07,7.456380882027006135e-09,5.291695918048298136e-08
1.830000000000000000e+02,1.830000000000000000e+02,1.830000000000000000e+02,1.011998614328962038e-07,6.668250286073478120e-09,4.805806833999083373e-08
1.840000000000000000e+02,1.840000000000000000e+02,1.840000000000000000e+02,9.223059271170994729e-08,5.963411665863108851e-09,4.364532417682800306e-08
1.850000000000000000e+02,1.850000000000000000e+02,1.850000000000000000e+02,8.405627346988420140e-08,5.333071950840436462e-09,3.963776942936101730e-08
1.860000000000000000e+02,1.860000000000000000e+02,1.860000000000000000e+02,7.660642950268432761e-08,4.769365600596048447e-09,3.599819179600133024e-08
1.870000000000000000e+02,1.870000000000000000e+02,1.870000000000000000e+02,6.981686468049981657e-08,4.265245591182737096e-09,3.269280506567554101e-08
1.880000000000000000e+02,1.880000000000000000e+02,1.880000000000000000e+02,6.362906252082895900e-08,3.814411568165505750e-09,2.969091316287216672e-08
1.890000000000000000e+02,1.890000000000000000e+02,1.890000000000000000e+02,5.798966925346733243e-08,3.411227603591655108e-09,2.696467336019733157e-08
1.900000000000000000e+02,1.900000000000000000e+02,1.900000000000000000e+02,5.285009453742327759e-08,3.050652958799164492e-09,2.448874937919771584e-08
1.910000000000000000e+02,1.910000000000000000e+02,1.910000000000000000e+02,4.816603909056588620e-08,2.728207720431287637e-09,2.224017291677914679e-08
1.920000000000000000e+02,1.920000000000000000e+02,1.920000000000000000e+02,4.389712202518476952e-08,2.439839696581920169e-09,2.019806675053527242e-08
1.930000000000000000e+02,1.930000000000000000e+02,1.930000000000000000e+02,4.000656457818707421e-08,2.181949198563669575e-09,1.834345356592518790e-08
1.940000000000000000e+02,1.940000000000000000e+02,1.940000000000000000e+02,3.646081858022962546e-08,1.951321559175642307e-09,1.665914971989149696e-08
1.950000000000000000e+02,1.950000000000000000e+02,1.950000000000000000e+02,3.322932353198157008e-08,1.745058447109897003e-09,1.512948862688143390e-08
1.960000000000000000e+02,1.960000000000000000e+02,1.960000000000000000e+02,3.028423857500533657e-08,1.560608209061000636e-09,1.374028648803014361e-08
1.970000000000000000e+02,1.970000000000000000e+02,1.970000000000000000e+02,2.760018269446688233e-08,1.395655617329757013e-09,1.247864211804472553e-08
1.980000000000000000e+02,1.980000000000000000e+02,1.980000000000000000e+02,2.515399608116571472e-08,1.248138726199654873e-09,1.133285437330341695e-08
1.990000000000000000e+02,1.990000000000000000e+02,1.990000000000000000e+02,2.292462576702111462e-08,1.116207812303550747e-09,1.029226388831297708e-08
2.000000000000000000e+02,2.000000000000000000e+02,2.000000000000000000e+02,2.089283513321164496e-08,9.982266355056960173e-10,9.347215789798710944e-09
2.010000000000000000e+02,2.010000000000000000e+02,2.010000000000000000e+02,1.904112987666731771e-08,8.927163923356508986e-10,8.488956120700873132e-09
2.020000000000000000e+02,2.020000000000000000e+02,2.020000000000000000e+02,1.735353295521769013e-08,7.983589777902491636e-10,7.709488720782921181e-09
2.030000000000000000e+02,2.030000000000000000e+02,2.030000000000000000e+02,1.581551003375388256e-08,7.139703398303281248e-10,7.001596875559062149e-09
2.040000000000000000e+02,2.040000000000000000e+02,2.040000000000000000e+02,1.441379952492869233e-08,6.385161001880812063e-10,6.358703132926195318e-09
2.050000000000000000e+02,2.050000000000000000e+02,2.050000000000000000e+02,1.313630729703914636e-08,5.710110326250288400e-10,5.774850136804611190e-09
2.060000000000000000e+02,2.060000000000000000e+02,2.060000000000000000e+02,1.197205172086277506e-08,5.106622895328496855e-10,5.244603564999003168e-09
2.070000000000000000e+02,2.070000000000000000e+02,2.070000000000000000e+02,1.091097949148951353e-08,4.566817578784038428e-10,4.763038466860713642e-09
2.080000000000000000e+02,2.080000000000000000e+02,2.080000000000000000e+02,9.943952192362892095e-09,4.084105492824781614e-10,4.325693438392792413e-09
2.090000000000000000e+02,2.090000000000000000e+02,2.090000000000000000e+02,9.062627327019328756e-09,3.652471831756859643e-10,3.928496634089404253e-09
2.100000000000000000e+02,2.100000000000000000e+02,2.100000000000000000e+02,8.259418361452672812e-09,3.266415405670354179e-10,3.567781799035704702e-09
2.110000000000000000e+02,2.110000000000000000e+02,2.110000000000000000e+02,7.527401200532289742e-09,2.921185175657409374e-10,3.240187693965651098e-09
2.120000000000000000e+02,2.120000000000000000e+02,2.120000000000000000e+02,6.860245462009040766e-09,2.612348746517860060e-10,2.942673627734085508e-09
2.130000000000000000e+02,2.130000000000000000e+02,2.130000000000000000e+02,6.252232636967773632e-09,2.336242251184635530e-10,2.672471717097283216e-09
2.140000000000000000e+02,2.140000000000000000e+02,2.140000000000000000e+02,5.698098445716834719e-09,2.089318391907400471e-10,2.427086745501881929e-09
2.150000000000000000e+02,2.150000000000000000e+02,2.150000000000000000e+02,5.193084310894423768e-09,1.868506037069786797e-10,2.204233716414256804e-09
2.160000000000000000e+02,2.160000000000000000e+02,2.160000000000000000e+02,4.732824521348546838e-09,1.670963087031560835e-10,2.001838460398058286e-09
2.170000000000000000e+02,2.170000000000000000e+02,2.170000000000000000e+02,4.313361840681847470e-09,1.494397751989531279e-10,1.818019450794002941e-09
2.180000000000000000e+02,2.180000000000000000e+02,2.180000000000000000e+02,3.931067300809124624e-09,1.336446532323063671e-10,1.651098166959382846e-09
2.190000000000000000e+02,2.190000000000000000e+02,2.190000000000000000e+02,3.582669022848050444e-09,1.195138535883815610e-10,1.499483667930974465e-09
2.200000000000000000e+02,2.200000000000000000e+02,2.200000000000000000e+02,3.265143034835664992e-09,1.068770000250964888e-10,1.361810416523514242e-09
2.210000000000000000e+02,2.210000000000000000e+02,2.210000000000000000e+02,2.975754990397374966e-09,9.558352615118028591e-11,1.236765304958642141e-09
2.220000000000000000e+02,2.220000000000000000e+02,2.220000000000000000e+02,2.712015191549156864e-09,8.548856944263522973e-11,1.123202919010912626e-09
2.230000000000000000e+02,2.230000000000000000e+02,2.230000000000000000e+02,2.471652015146040621e-09,7.644345020707224348e-11,1.020065226503522051e-09
2.240000000000000000e+02,2.240000000000000000e+02,2.240000000000000000e+02,2.252590939523784288e-09,6.836599763953223650e-11,9.264075669069811691e-10
2.250000000000000000e+02,2.250000000000000000e+02,2.250000000000000000e+02,2.052944750083665607e-09,6.114635611793598032e-11,8.413431046291097799e-10
2.260000000000000000e+02,2.260000000000000000e+02,2.260000000000000000e+02,1.871005270699560247e-09,5.468022791523387954e-11,7.640973483289045607e-10
2.270000000000000000e+02,2.270000000000000000e+02,2.270000000000000000e+02,1.705171310591862266e-09,4.890444626500979316e-11,6.939306598115886722e-10
2.280000000000000000e+02,2.280000000000000000e+02,2.280000000000000000e+02,1.554044472022398281e-09,4.372611065520444203e-11,6.302160240823972717e-10
2.290000000000000000e+02,2.290000000000000000e+02,2.290000000000000000e+02,1.416309810837516466e-09,3.911073330832561930e-11,5.723488032755969929e-10
2.300000000000000000e+02,2.300000000000000000e+02,2.300000000000000000e+02,1.290775376013734178e-09,3.497673519144373494e-11,5.197923728376074520e-10
2.310000000000000000e+02,2.310000000000000000e+02,2.310000000000000000e+02,1.176386786496903215e-09,3.127539711888836853e-11,4.720641224204416988e-10
2.320000000000000000e+02,2.320000000000000000e+02,2.320000000000000000e+02,1.072130924625523326e-09,2.797146759735819716e-11,4.287224870315263232e-10
2.330000000000000000e+02,2.330000000000000000e+02,2.330000000000000000e+02,9.771013390632039354e-10,2.500928043861438484e-11,3.893602664078505244e-10
2.340000000000000000e+02,2.340000000000000000e+02,2.340000000000000000e+02,8.905040233446887754e-10,2.237016602957827416e-11,3.536073599149880719e-10
2.350000000000000000e+02,2.350000000000000000e+02,2.350000000000000000e+02,8.115735358710925814e-10,2.001564960896808380e-11,3.211399665580129217e-10
2.360000000000000000e+02,2.360000000000000000e+02,2.360000000000000000e+02,7.396468927649911212e-10,1.789188653768497466e-11,2.916435013983400026e-10
2.370000000000000000e+02,2.370000000000000000e+02,2.370000000000000000e+02,6.740969569591494254e-10,1.599388137008586224e-11,2.648684491111116192e-10
2.380000000000000000e+02,2.380000000000000000e+02,2.380000000000000000e+02,6.143497232502883923e-10,1.430928460276792649e-11,2.405513209343456334e-10
2.390000000000000000e+02,2.390000000000000000e+02,2.390000000000000000e+02,5.598960337127600572e-10,1.279836786779572145e-11,2.184497125932493803e-10
2.400000000000000000e+02,2.400000000000000000e+02,2.400000000000000000e+02,5.102757598019957632e-10,1.145074175268528508e-11,1.984097192707872823e-10
2.410000000000000000e+02,2.410000000000000000e+02,2.410000000000000000e+02,4.650526158757720225e-10,1.023523431065353240e-11,1.801836550312204475e-10
2.420000000000000000e+02,2.420000000000000000e+02,2.420000000000000000e+02,4.238428917160456938e-10,9.156285391188639596e-12,1.636382368632840536e-10
2.430000000000000000e+02,2.430000000000000000e+02,2.430000000000000000e+02,3.862776054060375947e-10,8.185594176557997963e-12,1.486203697948257525e-10
2.440000000000000000e+02,2.440000000000000000e+02,2.440000000000000000e+02,3.520364692271601885e-10,7.314342935683097978e-12,1.349691545707798676e-10
2.450000000000000000e+02,2.450000000000000000e+02,2.450000000000000000e+02,3.208309786911800234e-10,6.542709766106134231e-12,1.225785787923516799e-10
2.460000000000000000e+02,2.460000000000000000e+02,2.460000000000000000e+02,2.923960637435140354e-10,5.851033608668854454e-12,1.113191577911612471e-10
2.470000000000000000e+02,2.470000000000000000e+02,2.470000000000000000e+02,2.664797569092970372e-10,5.232779422751451187e-12,1.011038187342379257e-10
2.480000000000000000e+02,2.480000000000000000e+02,2.480000000000000000e+02,2.428736939482180126e-10,4.686238083185312570e-12,9.181760360685034685e-11
2.490000000000000000e+02,2.490000000000000000e+02,2.490000000000000000e+02,2.213424042371805989e-10,4.186441582686990020e-12,8.338476817881138743e-11
2.500000000000000000e+02,2.500000000000000000e+02,2.500000000000000000e+02,2.017193305863115281e-10,3.742065071042519565e-12,7.573112744908390674e-11
2.510000000000000000e+02,2.510000000000000000e+02,2.510000000000000000e+02,1.838505641122745489e-10,3.354499271390299604e-12,6.877436407158811112e-11
2.520000000000000000e+02,2.520000000000000000e+02,2.520000000000000000e+02,1.675507228659083775e-10,2.992903507060308738e-12,6.245970458452416235e-11
2.530000000000000000e+02,2.530000000000000000e+02,2.530000000000000000e+02,1.527041745716111608e-10,2.688322266391999987e-12,5.672240585798441585e-11
2.540000000000000000e+02,2.540000000000000000e+02,2.540000000000000000e+02,1.391631540996374840e-10,2.400004690872215986e-12,5.151563269384516497e-11
2.550000000000000000e+02,2.550000000000000000e+02,2.550000000000000000e+02,1.268267149508628998e-10,2.146568303142868738e-12,4.679142359959734582e-11
2.560000000000000000e+02,2.560000000000000000e+02,2.560000000000000000e+02,1.155864684792681254e-10,1.920017426211382439e-12,4.248614934868025463e-11
2.570000000000000000e+02,2.570000000000000000e+02,2.570000000000000000e+02,1.053470369195256327e-10,1.716839465876538816e-12,3.858969438093353600e-11
2.580000000000000000e+02,2.580000000000000000e+02,2.580000000000000000e+02,9.601485798335099931e-11,1.532929054538021760e-12,3.504705856753863407e-11
2.590000000000000000e+02,2.590000000000000000e+02,2.590000000000000000e+02,8.749713811009414380e-11,1.370960860817091693e-12,3.182597138451836078e-11
2.600000000000000000e+02,2.600000000000000000e+02,2.600000000000000000e+02,7.974505453643187190e-11,1.224073564982737463e-12,2.890109322293694232e-11
2.610000000000000000e+02,2.610000000000000000e+02,2.610000000000000000e+02,7.268406191236554587e-11,1.099161613942228228e-12,2.625342815482667287e-11
2.620000000000000000e+02,2.620000000000000000e+02,2.620000000000000000e+02,6.623411723323139839e-11,9.764211987602427405e-13,2.383875114195580409e-11
2.630000000000000000e+02,2.630000000000000000e+02,2.630000000000000000e+02,6.036379962402156561e-11,8.804424465465409691e-13,2.165089359033952212e-11
2.640000000000000000e+02,2.640000000000000000e+02,2.640000000000000000e+02,5.501295259145336074e-11,7.847879380435404129e-13,1.965445720320676501e-11
2.650000000000000000e+02,2.650000000000000000e+02,2.650000000000000000e+02,5.014393924948734680e-11,7.002361709712044737e-13,1.786033512138700657e-11
2.660000000000000000e+02,2.660000000000000000e+02,2.660000000000000000e+02,4.569611371890174602e-11,6.271319581292183324e-13,1.621607038939577378e-11
2.670000000000000000e+02,2.670000000000000000e+02,2.670000000000000000e+02,4.164701913216663819e-11,5.607438327203016057e-13,1.473139142177077566e-11
2.680000000000000000e+02,2.680000000000000000e+02,2.680000000000000000e+02,3.796422722423190191e-11,5.041850236752563662e-13,1.337629490317293896e-11
2.690000000000000000e+02,2.690000000000000000e+02,2.690000000000000000e+02,3.459106893540613500e-11,4.556346636343675563e-13,1.215182227058558498e-11
2.700000000000000000e+02,2.700000000000000000e+02,2.700000000000000000e+02,3.152908712239417635e-11,4.008116086473152763e-13,1.103230809177469450e-11
2.710000000000000000e+02,2.710000000000000000e+02,2.710000000000000000e+02,2.872904590836081115e-11,3.541326746692763949e-13,1.001876091880050521e-11
2.720000000000000000e+02,2.720000000000000000e+02,2.720000000000000000e+02,2.618911317353180761e-11,3.191911083208680281e-13,9.094724970413785031e-12
2.730000000000000000e+02,2.730000000000000000e+02,2.730000000000000000e+02,2.385791852566964001e-11,2.909757090129015709e-13,8.266693719226797441e-12
2.740000000000000000e+02,2.740000000000000000e+02,2.740000000000000000e+02,2.174994874990498441e-11,2.551036441078656532e-13,7.509982950819807033e-12
2.750000000000000000e+02,2.750000000000000000e+02,2.750000000000000000e+02,1.981813491194922665e-11,2.281495079330727934e-13,6.819044984733296980e-12
2.760000000000000000e+02,2.760000000000000000e+02,2.760000000000000000e+02,1.806813079029654026e-11,2.019741942199274142e-13,6.188680386668217854e-12
2.770000000000000000e+02,2.770000000000000000e+02,2.770000000000000000e+02,1.646077261119751551e-11,1.803155319699033078e-13,5.613867709194192151e-12
2.780000000000000000e+02,2.780000000000000000e+02,2.780000000000000000e+02,1.501234550866323560e-11,1.634248292248230428e-13,5.104264244651706969e-12
2.790000000000000000e+02,2.790000000000000000e+02,2.790000000000000000e+02,1.368266042589448115e-11,1.468263968701807101e-13,4.639131290788325845e-12
2.800000000000000000e+02,2.800000000000000000e+02,2.800000000000000000e+02,1.246427051544876242e-11,1.271057486462603836e-13,4.207991016761892913e-12
2.810000000000000000e+02,2.810000000000000000e+02,2.810000000000000000e+02,1.135991184656239496e-11,1.226586938801124535e-13,3.824311044495821548e-12
2.820000000000000000e+02,2.820000000000000000e+02,2.820000000000000000e+02,1.035222238946438336e-11,1.086921382464705861e-13,3.473776507726378422e-12
2.830000000000000000e+02,2.830000000000000000e+02,2.830000000000000000e+02,9.430952655755045127e-12,9.071602374038224113e-14,3.157281275339150091e-12
2.840000000000000000e+02,2.840000000000000000e+02,2.840000000000000000e+02,8.596530587382946532e-12,8.286281022897840021e-14,2.864492034820660628e-12
2.850000000000000000e+02,2.850000000000000000e+02,2.850000000000000000e+02,7.838126999680645407e-12,7.848201034610199510e-14,2.604272410498039496e-12
2.860000000000000000e+02,2.860000000000000000e+02,2.860000000000000000e+02,7.146784927680830552e-12,6.550880341146756133e-14,2.364100722982791645e-12
2.870000000000000000e+02,2.870000000000000000e+02,2.870000000000000000e+02,6.505541639306076874e-12,6.434238129413513221e-14,2.151560479438044155e-12
2.880000000000000000e+02,2.880000000000000000e+02,2.880000000000000000e+02,5.934610144775109197e-12,5.074290092851790082e-14,1.953734127078455629e-12
2.890000000000000000e+02,2.890000000000000000e+02,2.890000000000000000e+02,5.401802720844252501e-12,4.922784477141923370e-14,1.772615444513379834e-12
2.900000000000000000e+02,2.900000000000000000e+02,2.900000000000000000e+02,4.917669302804850294e-12,4.549693413077341497e-14,1.614777739196566438e-12
2.910000000000000000e+02,2.910000000000000000e+02,2.910000000000000000e+02,4.492591524101300997e-12,4.143140511448920011e-14,1.461301575384967094e-12
2.920000000000000000e+02,2.920000000000000000e+02,2.920000000000000000e+02,4.099597604447951545e-12,3.891802844472395285e-14,1.320654112640007168e-12
2.930000000000000000e+02,2.930000000000000000e+02,2.930000000000000000e+02,3.727086205991804999e-12,3.552713678800500929e-14,1.199386877299225066e-12
2.940000000000000000e+02,2.940000000000000000e+02,2.940000000000000000e+02,3.400271805239509664e-12,3.480934286106926665e-14,1.094996844213719021e-12
2.950000000000000000e+02,2.950000000000000000e+02,2.950000000000000000e+02,3.092567365484021052e-12,3.407643250819148131e-14,9.934139637224390235e-13
2.960000000000000000e+02,2.960000000000000000e+02,2.960000000000000000e+02,2.825629333192776410e-12,3.256115871121664774e-14,9.012696148558737299e-13
2.970000000000000000e+02,2.970000000000000000e+02,2.970000000000000000e+02,2.568599705117940539e-12,3.097183980245200968e-14,8.210996929804377172e-13
2.980000000000000000e+02,2.980000000000000000e+02,2.980000000000000000e+02,2.346459133504812544e-12,2.658607475875343574e-14,7.504892168134854882e-13
2.990000000000000000e+02,2.990000000000000000e+02,2.990000000000000000e+02,2.140043370542321424e-12,2.009718347115232213e-14,6.765844492514519065e-13
3.000000000000000000e+02,3.000000000000000000e+02,3.000000000000000000e+02,1.947301967245384434e-12,2.009718347115232213e-14,6.170686287758597047e-13
3.010000000000000000e+02,3.010000000000000000e+02,3.010000000000000000e+02,1.773071093120989186e-12,2.009718347115232213e-14,5.523984249741945786e-13
3.020000000000000000e+02,3.020000000000000000e+02,3.020000000000000000e+02,1.620426942647194614e-12,2.009718347115232213e-14,5.088200450122757688e-13
3.030000000000000000e+02,3.030000000000000000e+02,3.030000000000000000e+02,1.474782756545165223e-12,2.009718347115232213e-14,4.623990265464483564e-13
3.040000000000000000e+02,3.040000000000000000e+02,3.040000000000000000e+02,1.344316060512821383e-12,1.879919374704706112e-14,4.138873316381562601e-13
3.050000000000000000e+02,3.050000000000000000e+02,3.050000000000000000e+02,1.232397406339723244e-12,1.740467143053463333e-14,3.775249362202325576e-13
3.060000000000000000e+02,3.060000000000000000e+02,3.060000000000000000e+02,1.124791619426342150e-12,1.588821858078254795e-14,3.493240840635353033e-13
3.070000000000000000e+02,3.070000000000000000e+02,3.070000000000000000e+02,1.018136088538197401e-12,1.588821858078254795e-14,3.068524688627744559e-13
3.080000000000000000e+02,3.080000000000000000e+02,3.080000000000000000e+02,9.303769634298303574e-13,1.588821858078254795e-14,2.851924171009937418e-13
3.090000000000000000e+02,3.090000000000000000e+02,3.090000000000000000e+02,8.456652660699506334e-13,1.588821858078254795e-14,2.556966793384643276e-13
3.100000000000000000e+02,3.100000000000000000e+02,3.100000000000000000e+02,7.623696422457248084e-13,1.588821858078254795e-14,2.275956117336898651e-13
3.110000000000000000e+02,3.110000000000000000e+02,3.110000000000000000e+02,7.012088467643829085e-13,1.588821858078254795e-14,2.138721831569854845e-13
3.120000000000000000e+02,3.120000000000000000e+02,3.120000000000000000e+02,6.420491839666895429e-13,1.588821858078254795e-14,1.877231854567598120e-13
3.130000000000000000e+02,3.130000000000000000e+02,3.130000000000000000e+02,5.836839357559952409e-13,1.588821858078254795e-14,1.779196740237255623e-13
3.140000000000000000e+02,3.140000000000000000e+02,3.140000000000000000e+02,5.294854623389634287e-13,1.588821858078254795e-14,1.591996330490138616e-13
3.150000000000000000e+02,3.150000000000000000e+02,3.150000000000000000e+02,4.785493456575618370e-13,1.588821858078254795e-14,1.476835343142577137e-13
3.160000000000000000e+02,3.160000000000000000e+02,3.160000000000000000e+02,4.325565684901114181e-13,1.588821858078254795e-14,1.261088254217586473e-13
3.170000000000000000e+02,3.170000000000000000e+02,3.170000000000000000e+02,4.042607277646773709e-13,1.588821858078254795e-14,1.182578797702635055e-13
3.180000000000000000e+02,3.180000000000000000e+02,3.180000000000000000e+02,3.655671596734055093e-13,1.588821858078254795e-14,1.063442990350137430e-13
3.190000000000000000e+02,3.190000000000000000e+02,3.190000000000000000e+02,3.361400380445863429e-13,1.588821858078254795e-14,9.612043966789004603e-14
3.200000000000000000e+02,3.200000000000000000e+02,3.200000000000000000e+02,3.030446025624104747e-13,1.588821858078254795e-14,9.127086697919487330e-14
3.210000000000000000e+02,3.210000000000000000e+02,3.210000000000000000e+02,2.721480712211467486e-13,1.588821858078254795e-14,8.407255028117242730e-14
3.220000000000000000e+02,3.220000000000000000e+02,3.220000000000000000e+02,2.495006848744116967e-13,1.588821858078254795e-14,7.315485206751049532e-14
3.230000000000000000e+02,3.230000000000000000e+02,3.230000000000000000e+02,2.277064987618198722e-13,1.588821858078254795e-14,7.519677498818824450e-14
3.240000000000000000e+02,3.240000000000000000e+02,3.240000000000000000e+02,2.095799971435869937e-13,1.588821858078254795e-14,6.029155041345695694e-14
3.250000000000000000e+02,3.250000000000000000e+02,3.250000000000000000e+02,1.897295465314910174e-13,1.588821858078254795e-14,5.639758124114118337e-14
3.260000000000000000e+02,3.260000000000000000e+02,3.260000000000000000e+02,1.767809764121569836e-13,1.588821858078254795e-14,5.172829197363539360e-14
3.270000000000000000e+02,3.270000000000000000e+02,3.270000000000000000e+02,1.643490109333410102e-13,1.588821858078254795e-14,5.074290092851790082e-14
3.280000000000000000e+02,3.280000000000000000e+02,3.280000000000000000e+02,1.466543682266084687e-13,1.588821858078254795e-14,4.659340308636217543e-14
3.290000000000000000e+02,3.290000000000000000e+02,3.290000000000000000e+02,1.271057486462603836e-13,1.588821858078254795e-14,4.143140511448920011e-14
3.300000000000000000e+02,3.300000000000000000e+02,3.300000000000000000e+02,1.182578797702635055e-13,1.588821858078254795e-14,3.480934286106926665e-14
3.310000000000000000e+02,3.310000000000000000e+02,3.310000000000000000e+02,1.100768072947010132e-13,1.588821858078254795e-14,2.929642751054231969e-14
3.320000000000000000e+02,3.320000000000000000e+02,3.320000000000000000e+02,1.004859173557616075e-13,1.588821858078254795e-14,2.658607475875343574e-14
3.330000000000000000e+02,3.330000000000000000e+02,3.330000000000000000e+02,9.947598300641402602e-14,1.588821858078254795e-14,2.131628207280300558e-14
3.340000000000000000e+02,3.340000000000000000e+02,3.340000000000000000e+02,7.912269044865669114e-14,1.588821858078254795e-14,2.461392238570961685e-14
3.350000000000000000e+02,3.350000000000000000e+02,3.350000000000000000e+02,8.007409966797243354e-14,1.588821858078254795e-14,2.461392238570961685e-14
3.360000000000000000e+02,3.360000000000000000e+02,3.360000000000000000e+02,7.718469768178846020e-14,1.588821858078254795e-14,2.461392238570961685e-14
3.370000000000000000e+02,3.370000000000000000e+02,3.370000000000000000e+02,6.315441977247067968e-14,1.588821858078254795e-14,2.009718347115232213e-14
3.380000000000000000e+02,3.380000000000000000e+02,3.380000000000000000e+02,6.315441977247067968e-14,1.588821858078254795e-14,1.230696119285480842e-14
3.390000000000000000e+02,3.390000000000000000e+02,3.390000000000000000e+02,5.123796534383002843e-14,1.588821858078254795e-14,1.230696119285480842e-14
3.400000000000000000e+02,3.400000000000000000e+02,3.400000000000000000e+02,5.123796534383002843e-14,1.588821858078254795e-14,1.230696119285480842e-14
3.410000000000000000e+02,3.410000000000000000e+02,3.410000000000000000e+02,4.819135301037582150e-14,1.588821858078254795e-14,1.230696119285480842e-14
3.420000000000000000e+02,3.420000000000000000e+02,3.420000000000000000e+02,3.332740845837228769e-14,1.588821858078254795e-14,1.230696119285480842e-14
3.430000000000000000e+02,3.430000000000000000e+02,3.430000000000000000e+02,2.561898267191501421e-14,1.588821858078254795e-14,1.004859173557616107e-14
3.440000000000000000e+02,3.440000000000000000e+02,3.440000000000000000e+02,3.692088357856442843e-14,1.588821858078254795e-14,0.000000000000000000e+00
3.450000000000000000e+02,3.450000000000000000e+02,3.450000000000000000e+02,2.461392238570961685e-14,1.588821858078254795e-14,0.000000000000000000e+00
3.460000000000000000e+02,3.460000000000000000e+02,3.460000000000000000e+02,2.461392238570961685e-14,1.588821858078254795e-14,0.000000000000000000e+00
3.470000000000000000e+02,3.470000000000000000e+02,3.470000000000000000e+02,3.332740845837228769e-14,1.588821858078254795e-14,0.000000000000000000e+00
3.480000000000000000e+02,3.480000000000000000e+02,3.480000000000000000e+02,2.658607475875343574e-14,1.588821858078254795e-14,0.000000000000000000e+00
3.490000000000000000e+02,3.490000000000000000e+02,3.490000000000000000e+02,2.751920182367525329e-14,1.588821858078254795e-14,0.000000000000000000e+00
3.500000000000000000e+02,3.500000000000000000e+02,3.500000000000000000e+02,2.658607475875343574e-14,1.588821858078254795e-14,0.000000000000000000e+00
3.510000000000000000e+02,3.510000000000000000e+02,3.510000000000000000e+02,1.879919374704706112e-14,1.588821858078254795e-14,0.000000000000000000e+00
3.520000000000000000e+02,3.520000000000000000e+02,3.520000000000000000e+02,1.421085471520200372e-14,1.588821858078254795e-14,0.000000000000000000e+00
3.530000000000000000e+02,3.530000000000000000e+02,3.530000000000000000e+02,1.588821858078254795e-14,1.588821858078254795e-14,0.000000000000000000e+00
3.540000000000000000e+02,3.540000000000000000e+02,3.540000000000000000e+02,1.588821858078254795e-14,1.588821858078254795e-14,0.000000000000000000e+00
3.550000000000000000e+02,3.550000000000000000e+02,3.550000000000000000e+02,1.421085471520200372e-14,1.588821858078254795e-14,0.000000000000000000e+00
3.560000000000000000e+02,3.560000000000000000e+02,3.560000000000000000e+02,1.421085471520200372e-14,1.588821858078254795e-14,0.000000000000000000e+00
3.570000000000000000e+02,3.570000000000000000e+02,3.570000000000000000e+02,7.105427357601001859e-15,1.588821858078254795e-14,0.000000000000000000e+00
3.580000000000000000e+02,3.580000000000000000e+02,3.580000000000000000e+02,7.105427357601001859e-15,1.588821858078254795e-14,0.000000000000000000e+00
3.590000000000000000e+02,3.590000000000000000e+02,3.590000000000000000e+02,0.000000000000000000e+00,1.588821858078254795e-14,0.000000000000000000e+00
3.600000000000000000e+02,3.600000000000000000e+02,3.600000000000000000e+02,0.000000000000000000e+00,1.588821858078254795e-14,0.000000000000000000e+00
3.610000000000000000e+02,3.610000000000000000e+02,3.610000000000000000e+02,0.000000000000000000e+00,1.588821858078254795e-14,0.000000000000000000e+00
3.620000000000000000e+02,3.620000000000000000e+02,3.620000000000000000e+02,0.000000000000000000e+00,1.588821858078254795e-14,0.000000000000000000e+00
3.630000000000000000e+02,3.630000000000000000e+02,3.630000000000000000e+02,0.000000000000000000e+00,1.588821858078254795e-14,0.000000000000000000e+00
3.640000000000000000e+02,3.640000000000000000e+02,3.640000000000000000e+02,0.000000000000000000e+00,1.588821858078254795e-14,0.000000000000000000e+00
3.650000000000000000e+02,3.650000000000000000e+02,3.650000000000000000e+02,0.000000000000000000e+00,1.588821858078254795e-14,0.000000000000000000e+00
3.660000000000000000e+02,3.660000000000000000e+02,3.660000000000000000e+02,0.000000000000000000e+00,1.588821858078254795e-14,0.000000000000000000e+00
3.670000000000000000e+02,3.670000000000000000e+02,3.670000000000000000e+02,0.000000000000000000e+00,1.588821858078254795e-14,0.000000000000000000e+00
3.680000000000000000e+02,3.680000000000000000e+02,3.680000000000000000e+02,0.000000000000000000e+00,1.588821858078254795e-14,0.000000000000000000e+00
3.690000000000000000e+02,3.690000000000000000e+02,3.690000000000000000e+02,0.000000000000000000e+00,1.588821858078254795e-14,0.000000000000000000e+00
3.700000000000000000e+02,3.700000000000000000e+02,3.700000000000000000e+02,0.000000000000000000e+00,1.588821858078254795e-14,0.000000000000000000e+00
3.710000000000000000e+02,3.710000000000000000e+02,3.710000000000000000e+02,0.000000000000000000e+00,1.588821858078254795e-14,0.000000000000000000e+00
3.720000000000000000e+02,3.720000000000000000e+02,3.720000000000000000e+02,0.000000000000000000e+00,1.588821858078254795e-14,0.000000000000000000e+00
3.730000000000000000e+02,3.730000000000000000e+02,3.730000000000000000e+02,0.000000000000000000e+00,1.588821858078254795e-14,0.000000000000000000e+00
3.740000000000000000e+02,3.740000000000000000e+02,3.740000000000000000e+02,0.000000000000000000e+00,1.588821858078254795e-14,0.000000000000000000e+00
3.750000000000000000e+02,3.750000000000000000e+02,3.750000000000000000e+02,0.000000000000000000e+00,1.588821858078254795e-14,0.000000000000000000e+00
3.760000000000000000e+02,3.760000000000000000e+02,3.760000000000000000e+02,0.000000000000000000e+00,1.588821858078254795e-14,0.000000000000000000e+00
3.770000000000000000e+02,3.770000000000000000e+02,3.770000000000000000e+02,0.000000000000000000e+00,1.588821858078254795e-14,0.000000000000000000e+00
3.780000000000000000e+02,3.780000000000000000e+02,3.780000000000000000e+02,0.000000000000000000e+00,1.588821858078254795e-14,0.000000000000000000e+00
3.790000000000000000e+02,3.790000000000000000e+02,3.790000000000000000e+02,0.000000000000000000e+00,1.588821858078254795e-14,0.000000000000000000e+00
3.800000000000000000e+02,3.800000000000000000e+02,3.800000000000000000e+02,0.000000000000000000e+00,1.588821858078254795e-14,0.000000000000000000e+00
3.810000000000000000e+02,3.810000000000000000e+02,3.810000000000000000e+02,0.000000000000000000e+00,1.588821858078254795e-14,0.000000000000000000e+00
3.820000000000000000e+02,3.820000000000000000e+02,3.820000000000000000e+02,0.000000000000000000e+00,1.588821858078254795e-14,0.000000000000000000e+00
3.830000000000000000e+02,3.830000000000000000e+02,3.830000000000000000e+02,0.000000000000000000e+00,1.588821858078254795e-14,0.000000000000000000e+00
3.840000000000000000e+02,3.840000000000000000e+02,3.840000000000000000e+02,0.000000000000000000e+00,1.588821858078254795e-14,0.000000000000000000e+00
3.850000000000000000e+02,3.850000000000000000e+02,3.850000000000000000e+02,0.000000000000000000e+00,1.588821858078254795e-14,0.000000000000000000e+00
3.860000000000000000e+02,3.860000000000000000e+02,3.860000000000000000e+02,0.000000000000000000e+00,1.588821858078254795e-14,0.000000000000000000e+00
3.870000000000000000e+02,3.870000000000000000e+02,3.870000000000000000e+02,0.000000000000000000e+00,1.588821858078254795e-14,0.000000000000000000e+00
3.880000000000000000e+02,3.880000000000000000e+02,3.880000000000000000e+02,0.000000000000000000e+00,1.588821858078254795e-14,0.000000000000000000e+00
3.890000000000000000e+02,3.890000000000000000e+02,3.890000000000000000e+02,0.000000000000000000e+00,1.588821858078254795e-14,0.000000000000000000e+00
3.900000000000000000e+02,3.900000000000000000e+02,3.900000000000000000e+02,0.000000000000000000e+00,1.588821858078254795e-14,0.000000000000000000e+00
3.910000000000000000e+02,3.910000000000000000e+02,3.910000000000000000e+02,0.000000000000000000e+00,1.588821858078254795e-14,0.000000000000000000e+00
3.920000000000000000e+02,3.920000000000000000e+02,3.920000000000000000e+02,0.000000000000000000e+00,1.588821858078254795e-14,0.000000000000000000e+00
3.930000000000000000e+02,3.930000000000000000e+02,3.930000000000000000e+02,0.000000000000000000e+00,1.588821858078254795e-14,0.000000000000000000e+00
3.940000000000000000e+02,3.940000000000000000e+02,3.940000000000000000e+02,0.000000000000000000e+00,1.588821858078254795e-14,0.000000000000000000e+00
3.950000000000000000e+02,3.950000000000000000e+02,3.950000000000000000e+02,0.000000000000000000e+00,1.588821858078254795e-14,0.000000000000000000e+00
3.960000000000000000e+02,3.960000000000000000e+02,3.960000000000000000e+02,0.000000000000000000e+00,1.588821858078254795e-14,0.000000000000000000e+00
3.970000000000000000e+02,3.970000000000000000e+02,3.970000000000000000e+02,0.000000000000000000e+00,1.588821858078254795e-14,0.000000000000000000e+00
3.980000000000000000e+02,3.980000000000000000e+02,3.980000000000000000e+02,0.000000000000000000e+00,1.588821858078254795e-14,0.000000000000000000e+00
3.990000000000000000e+02,3.990000000000000000e+02,3.990000000000000000e+02,0.000000000000000000e+00,1.588821858078254795e-14,0.000000000000000000e+00
4.000000000000000000e+02,4.000000000000000000e+02,4.000000000000000000e+02,0.000000000000000000e+00,1.588821858078254795e-14,0.000000000000000000e+00
